2025-04-03 01:14:36,Milo,su2xikj,40.667145,-73.946116
2025-04-02 12:24:27,Pudding,5vw70l2,40.662649,-73.952944
2025-04-01 20:38:46,Bean,73mzec4,40.66338,-73.951712
2025-03-31 12:41:08,Luna,5saw76o,40.661637,-73.953529
2025-04-03 00:10:25,Whiskers,y86e86q,40.661834,-73.945937
2025-03-31 21:00:37,Boba,t8mu133,40.666502,-73.951693
2025-04-01 21:23:45,Peanut,6a7wdda,40.662812,-73.950255
2025-03-31 11:17:02,Pudding,5vw70l2,40.669458,-73.951766
2025-04-03 07:07:34,Bean,73mzec4,40.660909,-73.947935
2025-04-01 15:40:45,Nala,225ys2h,40.663594,-73.945726
2025-04-02 06:03:57,Snowball,2ruhqjg,40.669824,-73.945621
2025-04-01 10:26:02,Hazel,swopd2w,40.667261,-73.949879
2025-04-02 19:17:25,Pudding,5vw70l2,40.668861,-73.947257
2025-04-02 04:35:38,Whiskers,y86e86q,40.661938,-73.954434
2025-04-01 00:22:54,Nala,225ys2h,40.669308,-73.945336
2025-04-03 00:32:04,Tiger,6xbc8w7,40.666161,-73.952093
2025-04-01 12:07:36,Whiskers,y86e86q,40.663449,-73.94785
2025-03-31 13:24:47,Ginger,9l04013,40.667597,-73.949494
2025-03-31 17:45:25,Snowball,2ruhqjg,40.660756,-73.948281
2025-04-01 10:14:56,Tiger,6xbc8w7,40.664421,-73.950007
2025-04-01 04:22:12,Smudge,wv2s747,40.66886,-73.945303
2025-04-01 01:43:24,Mochi,rzrjcz8,40.660502,-73.953211
2025-04-03 03:31:34,Salem,jvlptlj,40.663861,-73.947076
2025-04-01 15:44:49,Pumpkin,t90fsgt,40.661788,-73.94824
2025-04-01 08:27:46,Ginger,9l04013,40.665695,-73.949068
2025-03-31 10:41:04,Boba,t8mu133,40.666355,-73.949525
2025-04-01 13:25:00,Hazel,swopd2w,40.66439,-73.954676
2025-04-02 22:03:14,Milo,su2xikj,40.667455,-73.951786
2025-04-01 01:04:06,Mochi,rzrjcz8,40.662427,-73.953895
2025-04-01 07:14:33,Tiger,6xbc8w7,40.664947,-73.954145
2025-03-31 22:14:43,Nala,225ys2h,40.665796,-73.953284
2025-04-02 01:39:35,Smudge,wv2s747,40.662288,-73.953789
2025-03-31 20:44:40,Boba,t8mu133,40.669517,-73.950758
2025-04-01 05:07:24,Ziggy,9v6evae,40.66037,-73.951346
2025-04-01 11:16:58,Whiskers,y86e86q,40.664142,-73.952074
2025-03-31 18:13:17,Nala,225ys2h,40.668038,-73.950057
2025-04-02 14:04:24,Shadow,zjhdazi,40.661936,-73.950788
2025-04-03 05:53:00,Luna,5saw76o,40.660079,-73.947539
2025-04-03 03:13:10,Bean,73mzec4,40.665264,-73.950472
2025-03-31 20:38:37,Toby,31n3n6j,40.660151,-73.954843
2025-04-02 19:03:38,Pudding,5vw70l2,40.668967,-73.950924
2025-04-03 01:27:17,Milo,su2xikj,40.66286,-73.954245
2025-04-02 00:38:55,Socks,04gzmro,40.660115,-73.953096
2025-04-01 12:33:40,Hazel,swopd2w,40.660422,-73.949747
2025-04-02 15:15:15,Snowball,2ruhqjg,40.668691,-73.953786
2025-04-02 07:50:07,Socks,04gzmro,40.664427,-73.950193
2025-04-02 17:49:52,Pumpkin,t90fsgt,40.662207,-73.946989
2025-04-01 21:08:38,Ziggy,9v6evae,40.662317,-73.947643
2025-04-02 16:25:51,Bean,73mzec4,40.663114,-73.949306
2025-03-31 23:41:09,Cleo,g5r6z7m,40.664559,-73.949547
2025-04-01 16:03:06,Tiger,6xbc8w7,40.664482,-73.953044
2025-04-01 21:45:56,Toby,31n3n6j,40.663795,-73.953499
2025-04-01 05:16:25,Snowball,2ruhqjg,40.668497,-73.950083
2025-04-03 05:05:35,Socks,04gzmro,40.660638,-73.954989
2025-04-02 10:09:52,Snowball,2ruhqjg,40.663893,-73.946566
2025-03-31 22:07:43,Midnight,2rku2ss,40.665209,-73.95194
2025-03-31 13:58:21,Snowball,2ruhqjg,40.669483,-73.954173
2025-04-02 01:38:37,Boba,t8mu133,40.666768,-73.946981
2025-03-31 22:15:11,Shadow,zjhdazi,40.663397,-73.952327
2025-03-31 20:58:51,Salem,jvlptlj,40.668297,-73.945391
2025-03-31 15:47:06,Snowball,2ruhqjg,40.668983,-73.95214
2025-04-02 22:45:15,Oreo,jve853c,40.660892,-73.947418
2025-04-02 05:35:46,Pudding,5vw70l2,40.661652,-73.950583
2025-03-31 23:41:32,Ziggy,9v6evae,40.664924,-73.949343
2025-04-01 03:27:40,Pumpkin,t90fsgt,40.664032,-73.951441
2025-04-02 06:54:25,Smudge,wv2s747,40.66596,-73.950224
2025-04-03 00:30:53,Ziggy,9v6evae,40.664535,-73.945974
2025-04-02 09:53:24,Nala,225ys2h,40.660625,-73.950749
2025-04-01 15:14:46,Tiger,6xbc8w7,40.66112,-73.946483
2025-04-03 07:25:54,Boba,t8mu133,40.663312,-73.947041
2025-04-02 22:38:42,Boba,t8mu133,40.665859,-73.950913
2025-04-01 00:30:33,Simba,gmfmelb,40.666262,-73.94854
2025-04-02 18:44:41,Ginger,9l04013,40.667711,-73.94997
2025-04-02 01:14:38,Tiger,6xbc8w7,40.667322,-73.950245
2025-04-01 14:57:47,Nala,225ys2h,40.667179,-73.950468
2025-04-02 20:31:30,Shadow,zjhdazi,40.669421,-73.950641
2025-04-01 15:49:47,Nala,225ys2h,40.661493,-73.950684
2025-04-02 13:59:32,Milo,su2xikj,40.663115,-73.945842
2025-04-01 13:27:51,Peanut,6a7wdda,40.662115,-73.954924
2025-03-31 13:37:45,Mittens,l5incwi,40.661912,-73.950932
2025-04-02 13:47:07,Milo,su2xikj,40.666107,-73.948222
2025-04-02 04:48:52,Whiskers,y86e86q,40.661795,-73.949189
2025-04-03 04:02:30,Milo,su2xikj,40.666731,-73.948694
2025-04-01 08:32:07,Pumpkin,t90fsgt,40.661028,-73.947756
2025-04-01 05:18:04,Pumpkin,t90fsgt,40.663588,-73.95237
2025-04-01 09:34:02,Peanut,6a7wdda,40.665829,-73.953819
2025-04-02 19:43:12,Bean,73mzec4,40.667802,-73.953462
2025-04-03 02:34:44,Snowball,2ruhqjg,40.666275,-73.949431
2025-04-01 13:26:25,Peanut,6a7wdda,40.664227,-73.954422
2025-03-31 15:14:31,Shadow,zjhdazi,40.66898,-73.946679
2025-04-01 17:51:43,Mochi,rzrjcz8,40.660257,-73.948972
2025-03-31 18:45:22,Mittens,l5incwi,40.668272,-73.952577
2025-04-03 01:51:58,Mochi,rzrjcz8,40.669139,-73.946138
2025-03-31 19:55:40,Nala,225ys2h,40.668926,-73.954038
2025-04-03 00:45:32,Snowball,2ruhqjg,40.660857,-73.954274
2025-04-02 04:16:35,Smudge,wv2s747,40.662069,-73.948641
2025-04-01 00:51:06,Hazel,swopd2w,40.662872,-73.949589
2025-04-01 12:01:52,Socks,04gzmro,40.667945,-73.951399
2025-04-02 10:27:24,Toby,31n3n6j,40.664259,-73.947348
2025-04-02 12:48:16,Whiskers,y86e86q,40.666623,-73.952678
2025-04-03 01:11:22,Hazel,swopd2w,40.662116,-73.945156
2025-04-01 15:55:37,Bean,73mzec4,40.662648,-73.952406
2025-04-02 06:58:07,Ziggy,9v6evae,40.660461,-73.954188
2025-04-01 06:47:49,Pudding,5vw70l2,40.664303,-73.947578
2025-03-31 08:02:47,Oreo,jve853c,40.667905,-73.952607
2025-04-01 11:13:54,Snowball,2ruhqjg,40.662343,-73.9509
2025-03-31 10:45:58,Midnight,2rku2ss,40.662772,-73.954233
2025-04-02 04:44:59,Luna,5saw76o,40.669246,-73.949302
2025-04-03 00:53:08,Oreo,jve853c,40.660786,-73.945356
2025-04-01 10:34:33,Boba,t8mu133,40.662082,-73.947827
2025-04-01 08:56:43,Whiskers,y86e86q,40.665883,-73.948047
2025-04-01 18:58:45,Socks,04gzmro,40.660454,-73.952869
2025-04-02 22:34:41,Simba,gmfmelb,40.666618,-73.94866
2025-04-01 05:10:04,Socks,04gzmro,40.66707,-73.954024
2025-04-02 09:55:13,Peanut,6a7wdda,40.669259,-73.949283
2025-04-02 16:51:36,Pumpkin,t90fsgt,40.660182,-73.951119
2025-04-01 04:53:01,Pumpkin,t90fsgt,40.662745,-73.946551
2025-04-01 04:16:51,Hazel,swopd2w,40.668151,-73.945468
2025-04-03 04:20:27,Snowball,2ruhqjg,40.664807,-73.95291
2025-04-02 02:02:37,Ziggy,9v6evae,40.662393,-73.951889
2025-04-03 07:23:47,Tiger,6xbc8w7,40.669232,-73.953453
2025-04-01 00:13:33,Luna,5saw76o,40.664016,-73.946961
2025-04-02 01:48:46,Shadow,zjhdazi,40.665194,-73.949775
2025-04-02 07:48:46,Bean,73mzec4,40.669937,-73.952865
2025-04-02 16:13:15,Smudge,wv2s747,40.660334,-73.953166
2025-04-01 22:46:06,Simba,gmfmelb,40.660792,-73.946517
2025-04-02 22:38:40,Tiger,6xbc8w7,40.66734,-73.952171
2025-04-03 02:46:05,Boba,t8mu133,40.667445,-73.945367
2025-04-01 01:44:03,Midnight,2rku2ss,40.665932,-73.945652
2025-04-01 08:39:05,Mittens,l5incwi,40.668989,-73.945462
2025-04-03 06:18:24,Cleo,g5r6z7m,40.663478,-73.947051
2025-03-31 11:10:35,Midnight,2rku2ss,40.669087,-73.952154
2025-04-01 00:09:07,Mochi,rzrjcz8,40.662702,-73.952332
2025-04-01 15:54:31,Shadow,zjhdazi,40.662574,-73.951552
2025-04-02 14:57:29,Simba,gmfmelb,40.665953,-73.95225
2025-04-01 08:36:00,Boba,t8mu133,40.667832,-73.94739
2025-04-02 09:27:47,Peanut,6a7wdda,40.663293,-73.94733
2025-04-02 16:15:38,Snowball,2ruhqjg,40.668088,-73.954799
2025-04-01 18:34:00,Simba,gmfmelb,40.661271,-73.945059
2025-04-02 02:00:37,Luna,5saw76o,40.666948,-73.948531
2025-04-01 12:04:47,Pumpkin,t90fsgt,40.666627,-73.947646
2025-04-02 04:52:21,Socks,04gzmro,40.666745,-73.946115
2025-04-01 00:37:43,Pudding,5vw70l2,40.669319,-73.945304
2025-04-02 22:08:25,Mittens,l5incwi,40.669338,-73.951666
2025-04-02 04:16:28,Nala,225ys2h,40.666452,-73.950965
2025-04-02 21:49:41,Boba,t8mu133,40.665717,-73.949238
2025-04-01 10:03:45,Tiger,6xbc8w7,40.669972,-73.950063
2025-04-03 02:11:21,Tiger,6xbc8w7,40.668349,-73.950807
2025-03-31 15:56:47,Nala,225ys2h,40.668851,-73.950869
2025-04-02 20:17:47,Smudge,wv2s747,40.662641,-73.945194
2025-04-01 02:04:59,Pudding,5vw70l2,40.666238,-73.952258
2025-04-02 05:09:41,Milo,su2xikj,40.662742,-73.95466
2025-03-31 16:08:57,Cleo,g5r6z7m,40.6687,-73.949953
2025-04-03 03:38:18,Boba,t8mu133,40.667738,-73.947087
2025-04-02 08:32:33,Pudding,5vw70l2,40.664199,-73.952078
2025-04-03 00:20:25,Smudge,wv2s747,40.668776,-73.950915
2025-04-01 20:04:00,Nala,225ys2h,40.661125,-73.954252
2025-04-01 03:12:53,Whiskers,y86e86q,40.665485,-73.954512
2025-04-03 01:05:43,Toby,31n3n6j,40.662021,-73.947767
2025-04-01 21:32:58,Ziggy,9v6evae,40.664527,-73.948788
2025-03-31 21:28:51,Hazel,swopd2w,40.666752,-73.947945
2025-03-31 10:42:25,Mittens,l5incwi,40.664172,-73.953815
2025-04-01 22:10:07,Boba,t8mu133,40.66544,-73.953574
2025-04-02 01:44:55,Snowball,2ruhqjg,40.662075,-73.954269
2025-04-02 12:03:48,Boba,t8mu133,40.666858,-73.95029
2025-04-01 16:42:05,Toby,31n3n6j,40.66264,-73.948091
2025-04-02 03:38:52,Salem,jvlptlj,40.66397,-73.95483
2025-04-01 18:54:18,Pudding,5vw70l2,40.662527,-73.953491
2025-04-01 04:41:16,Pudding,5vw70l2,40.664383,-73.947331
2025-04-02 23:07:32,Milo,su2xikj,40.668091,-73.949577
2025-03-31 20:48:53,Cleo,g5r6z7m,40.663404,-73.950404
2025-03-31 10:23:04,Salem,jvlptlj,40.661105,-73.952631
2025-04-01 12:56:04,Oreo,jve853c,40.669909,-73.946476
2025-04-01 02:44:55,Socks,04gzmro,40.66444,-73.952893
2025-04-03 04:54:36,Milo,su2xikj,40.665441,-73.95351
2025-03-31 11:55:14,Pumpkin,t90fsgt,40.66924,-73.954068
2025-03-31 15:17:30,Socks,04gzmro,40.661218,-73.954035
2025-04-01 01:13:20,Snowball,2ruhqjg,40.663292,-73.951556
2025-04-02 19:38:26,Hazel,swopd2w,40.66285,-73.951878
2025-04-03 04:20:47,Smudge,wv2s747,40.669649,-73.954806
2025-03-31 08:13:18,Smudge,wv2s747,40.666832,-73.948361
2025-04-01 20:19:18,Tiger,6xbc8w7,40.668004,-73.952617
2025-04-01 23:34:17,Ginger,9l04013,40.663277,-73.94882
2025-03-31 21:25:59,Midnight,2rku2ss,40.663127,-73.950504
2025-04-02 17:13:52,Cleo,g5r6z7m,40.660539,-73.948402
2025-04-03 04:14:00,Salem,jvlptlj,40.66023,-73.948551
2025-04-03 00:55:54,Cleo,g5r6z7m,40.66327,-73.952969
2025-04-01 01:20:02,Pumpkin,t90fsgt,40.666175,-73.953128
2025-04-01 12:47:50,Salem,jvlptlj,40.668507,-73.946098
2025-04-02 14:17:09,Boba,t8mu133,40.664312,-73.948733
2025-04-02 07:08:17,Whiskers,y86e86q,40.661074,-73.952383
2025-04-02 00:46:50,Oreo,jve853c,40.668385,-73.94892
2025-04-01 03:07:02,Oreo,jve853c,40.664623,-73.951991
2025-04-02 00:39:09,Boba,t8mu133,40.667088,-73.952925
2025-04-02 15:35:13,Pumpkin,t90fsgt,40.664899,-73.948452
2025-04-02 01:11:09,Pumpkin,t90fsgt,40.664318,-73.949241
2025-04-02 14:29:33,Ziggy,9v6evae,40.66323,-73.94636
2025-03-31 12:47:07,Mittens,l5incwi,40.66714,-73.948212
2025-04-02 04:58:29,Nala,225ys2h,40.663015,-73.948421
2025-04-01 17:16:56,Simba,gmfmelb,40.66995,-73.946712
2025-04-03 03:55:30,Ginger,9l04013,40.666885,-73.951063
2025-04-03 03:52:22,Nala,225ys2h,40.667392,-73.945147
2025-04-01 20:17:18,Socks,04gzmro,40.66584,-73.953493
2025-04-01 16:44:57,Snowball,2ruhqjg,40.661729,-73.954987
2025-04-03 07:01:14,Ginger,9l04013,40.667376,-73.949063
2025-03-31 20:59:41,Peanut,6a7wdda,40.667384,-73.950566
2025-04-03 05:37:52,Shadow,zjhdazi,40.663232,-73.947989
2025-04-03 00:44:10,Whiskers,y86e86q,40.669677,-73.952705
2025-03-31 13:07:38,Shadow,zjhdazi,40.66467,-73.94851
2025-03-31 11:13:30,Peanut,6a7wdda,40.666393,-73.948827
2025-04-02 16:05:59,Boba,t8mu133,40.666753,-73.945425
2025-04-01 22:57:59,Pumpkin,t90fsgt,40.665673,-73.949843
2025-03-31 23:27:30,Smudge,wv2s747,40.665804,-73.946474
2025-04-03 00:46:57,Mittens,l5incwi,40.666,-73.945943
2025-04-01 14:35:35,Mochi,rzrjcz8,40.66833,-73.951866
2025-04-01 23:37:01,Oreo,jve853c,40.666445,-73.946622
2025-04-02 01:16:39,Pudding,5vw70l2,40.660288,-73.948441
2025-04-02 04:19:35,Toby,31n3n6j,40.664773,-73.947734
2025-04-01 22:39:39,Oreo,jve853c,40.660115,-73.948525
2025-04-01 12:31:59,Tiger,6xbc8w7,40.662699,-73.951648
2025-04-01 10:25:13,Ginger,9l04013,40.661002,-73.949181
2025-04-02 16:24:03,Pumpkin,t90fsgt,40.666596,-73.947496
2025-03-31 08:13:26,Nala,225ys2h,40.664824,-73.954549
2025-04-02 06:27:07,Cleo,g5r6z7m,40.662829,-73.947071
2025-03-31 18:15:24,Socks,04gzmro,40.66308,-73.947307
2025-04-01 15:33:59,Shadow,zjhdazi,40.660447,-73.952298
2025-04-02 09:04:07,Cleo,g5r6z7m,40.665096,-73.947712
2025-04-02 20:43:26,Simba,gmfmelb,40.661676,-73.953067
2025-04-01 09:57:55,Smudge,wv2s747,40.666054,-73.950726
2025-04-02 22:51:49,Ginger,9l04013,40.660721,-73.947977
2025-04-02 02:04:36,Luna,5saw76o,40.66435,-73.949772
2025-03-31 20:39:08,Snowball,2ruhqjg,40.669213,-73.952028
2025-04-01 12:22:03,Peanut,6a7wdda,40.666907,-73.947859
2025-04-01 04:32:50,Whiskers,y86e86q,40.667986,-73.945124
2025-04-02 23:19:27,Hazel,swopd2w,40.665756,-73.945639
2025-04-02 15:45:40,Ginger,9l04013,40.66037,-73.948523
2025-04-01 23:22:24,Oreo,jve853c,40.662896,-73.94614
2025-03-31 18:32:57,Midnight,2rku2ss,40.667415,-73.950736
2025-04-01 12:40:06,Shadow,zjhdazi,40.666415,-73.946437
2025-04-02 10:30:26,Smudge,wv2s747,40.668994,-73.953222
2025-04-03 06:36:26,Boba,t8mu133,40.667477,-73.952554
2025-03-31 16:00:44,Socks,04gzmro,40.665607,-73.948434
2025-04-03 00:27:04,Pudding,5vw70l2,40.663113,-73.945877
2025-03-31 11:30:53,Mittens,l5incwi,40.667861,-73.948116
2025-04-01 10:51:35,Mochi,rzrjcz8,40.661332,-73.946418
2025-04-01 19:38:44,Peanut,6a7wdda,40.668724,-73.954924
2025-04-01 16:32:03,Bean,73mzec4,40.668075,-73.949475
2025-04-01 00:21:32,Peanut,6a7wdda,40.661202,-73.951561
2025-04-02 11:28:45,Mochi,rzrjcz8,40.667162,-73.949975
2025-04-03 05:04:28,Luna,5saw76o,40.662814,-73.954795
2025-04-01 13:15:47,Hazel,swopd2w,40.669979,-73.951589
2025-04-02 20:33:11,Ginger,9l04013,40.663836,-73.949751
2025-04-02 07:42:58,Shadow,zjhdazi,40.667181,-73.952847
2025-04-02 20:38:54,Shadow,zjhdazi,40.663819,-73.949961
2025-03-31 10:20:00,Tiger,6xbc8w7,40.665553,-73.945337
2025-04-03 05:57:11,Mochi,rzrjcz8,40.66078,-73.952171
2025-04-02 01:58:46,Salem,jvlptlj,40.663788,-73.946327
2025-04-01 10:44:45,Snowball,2ruhqjg,40.668015,-73.951552
2025-04-02 02:49:04,Snowball,2ruhqjg,40.660927,-73.949682
2025-04-03 06:51:52,Cleo,g5r6z7m,40.661626,-73.952323
2025-04-02 23:00:55,Hazel,swopd2w,40.66474,-73.949566
2025-03-31 21:48:05,Smudge,wv2s747,40.668728,-73.950732
2025-04-03 04:03:25,Midnight,2rku2ss,40.664976,-73.946157
2025-04-02 11:55:37,Mittens,l5incwi,40.663604,-73.945824
2025-04-01 00:25:13,Salem,jvlptlj,40.66766,-73.95499
2025-04-01 09:23:37,Toby,31n3n6j,40.664017,-73.950186
2025-03-31 08:07:35,Mochi,rzrjcz8,40.668215,-73.948748
2025-04-01 15:52:20,Bean,73mzec4,40.664603,-73.946963
2025-04-02 07:37:28,Mittens,l5incwi,40.660229,-73.946158
2025-04-01 19:29:35,Pumpkin,t90fsgt,40.662296,-73.952871
2025-04-01 08:49:01,Pumpkin,t90fsgt,40.662136,-73.950563
2025-04-02 02:54:09,Luna,5saw76o,40.661453,-73.951543
2025-03-31 19:46:20,Nala,225ys2h,40.666119,-73.949186
2025-04-02 15:42:56,Pudding,5vw70l2,40.660856,-73.947059
2025-04-02 13:13:27,Salem,jvlptlj,40.66706,-73.946864
2025-04-02 06:19:39,Snowball,2ruhqjg,40.664933,-73.947384
2025-04-02 05:35:11,Mochi,rzrjcz8,40.661345,-73.945412
2025-04-03 01:42:43,Socks,04gzmro,40.666438,-73.945244
2025-04-01 11:35:02,Milo,su2xikj,40.665067,-73.946131
2025-04-01 22:31:27,Shadow,zjhdazi,40.662933,-73.946727
2025-04-02 14:48:09,Luna,5saw76o,40.669284,-73.946076
2025-04-01 18:15:35,Mochi,rzrjcz8,40.665213,-73.95013
2025-04-01 20:25:41,Tiger,6xbc8w7,40.66269,-73.946819
2025-03-31 13:21:57,Shadow,zjhdazi,40.661716,-73.951893
2025-04-02 00:08:48,Pudding,5vw70l2,40.668146,-73.951412
2025-04-01 11:20:43,Simba,gmfmelb,40.664928,-73.947325
2025-04-01 23:54:40,Mittens,l5incwi,40.663799,-73.954088
2025-04-03 06:43:04,Salem,jvlptlj,40.668561,-73.948879
2025-04-02 06:41:17,Luna,5saw76o,40.663309,-73.9458
2025-04-02 16:36:20,Ginger,9l04013,40.664697,-73.949431
2025-03-31 21:03:38,Snowball,2ruhqjg,40.666643,-73.953527
2025-04-01 02:46:21,Socks,04gzmro,40.662675,-73.947209
2025-04-02 05:35:28,Pumpkin,t90fsgt,40.666863,-73.949172
2025-04-03 06:41:38,Nala,225ys2h,40.666398,-73.946316
2025-04-03 05:11:41,Salem,jvlptlj,40.665866,-73.952421
2025-04-01 18:47:01,Luna,5saw76o,40.664978,-73.949529
2025-04-02 06:23:13,Midnight,2rku2ss,40.661104,-73.948105
2025-04-01 08:21:54,Tiger,6xbc8w7,40.662116,-73.948319
2025-04-03 00:05:22,Snowball,2ruhqjg,40.661315,-73.94988
2025-03-31 19:59:00,Bean,73mzec4,40.669442,-73.948934
2025-04-02 15:48:52,Hazel,swopd2w,40.663799,-73.954223
2025-04-01 04:20:49,Cleo,g5r6z7m,40.660767,-73.94975
2025-03-31 21:28:49,Socks,04gzmro,40.660712,-73.948107
2025-03-31 13:37:49,Pumpkin,t90fsgt,40.668173,-73.949303
2025-04-01 09:58:13,Oreo,jve853c,40.666674,-73.95088
2025-04-01 07:30:25,Shadow,zjhdazi,40.665692,-73.954393
2025-03-31 12:04:56,Pumpkin,t90fsgt,40.666449,-73.950515
2025-04-02 19:12:56,Ziggy,9v6evae,40.661449,-73.945763
2025-03-31 20:41:58,Nala,225ys2h,40.663712,-73.953769
2025-03-31 13:57:37,Shadow,zjhdazi,40.66537,-73.947104
2025-04-02 18:11:38,Smudge,wv2s747,40.66732,-73.95068
2025-04-01 03:08:43,Tiger,6xbc8w7,40.669762,-73.953756
2025-04-03 01:52:04,Ziggy,9v6evae,40.666557,-73.950117
2025-04-02 15:02:38,Salem,jvlptlj,40.666999,-73.949801
2025-04-03 06:24:10,Mochi,rzrjcz8,40.667691,-73.953486
2025-04-01 18:29:47,Ginger,9l04013,40.668966,-73.947147
2025-04-02 03:58:18,Pudding,5vw70l2,40.663533,-73.950077
2025-04-02 09:46:40,Shadow,zjhdazi,40.663866,-73.946035
2025-04-01 00:44:32,Shadow,zjhdazi,40.66357,-73.946068
2025-03-31 15:17:53,Mochi,rzrjcz8,40.660028,-73.950566
2025-03-31 15:12:21,Mittens,l5incwi,40.661423,-73.949586
2025-04-01 11:38:25,Pudding,5vw70l2,40.668764,-73.951675
2025-04-01 09:57:34,Snowball,2ruhqjg,40.6641,-73.947447
2025-04-03 01:57:08,Snowball,2ruhqjg,40.667337,-73.946338
2025-04-01 17:17:30,Ziggy,9v6evae,40.66309,-73.947885
2025-04-01 15:39:18,Snowball,2ruhqjg,40.661728,-73.945736
2025-04-02 18:01:52,Pumpkin,t90fsgt,40.669378,-73.949286
2025-04-01 03:27:43,Luna,5saw76o,40.666649,-73.945842
2025-03-31 18:55:46,Milo,su2xikj,40.663488,-73.946432
2025-04-02 21:09:45,Oreo,jve853c,40.663252,-73.953788
2025-03-31 13:01:22,Smudge,wv2s747,40.668779,-73.949989
2025-04-02 01:15:39,Boba,t8mu133,40.661719,-73.949068
2025-04-01 06:30:45,Smudge,wv2s747,40.665525,-73.952667
2025-04-02 08:29:53,Milo,su2xikj,40.661344,-73.947127
2025-04-01 00:13:05,Cleo,g5r6z7m,40.668378,-73.948153
2025-04-02 14:29:32,Luna,5saw76o,40.662922,-73.951167
2025-03-31 19:14:46,Mittens,l5incwi,40.666944,-73.95036
2025-04-01 04:11:06,Midnight,2rku2ss,40.667988,-73.954369
2025-04-01 20:32:51,Pudding,5vw70l2,40.66936,-73.951292
2025-04-03 01:37:16,Midnight,2rku2ss,40.663243,-73.95284
2025-04-02 10:30:32,Toby,31n3n6j,40.665167,-73.952204
2025-04-01 04:56:34,Tiger,6xbc8w7,40.669919,-73.949376
2025-03-31 12:26:33,Whiskers,y86e86q,40.663944,-73.950597
2025-04-01 13:57:27,Toby,31n3n6j,40.66815,-73.953605
2025-04-02 07:55:25,Pudding,5vw70l2,40.669403,-73.951343
2025-03-31 22:44:23,Boba,t8mu133,40.661615,-73.951158
2025-04-01 15:44:48,Snowball,2ruhqjg,40.663098,-73.954577
2025-04-01 19:34:52,Milo,su2xikj,40.662478,-73.947502
2025-04-01 21:59:53,Snowball,2ruhqjg,40.66883,-73.950065
2025-04-02 04:22:31,Boba,t8mu133,40.669211,-73.945201
2025-04-01 05:10:02,Salem,jvlptlj,40.669011,-73.948175
2025-03-31 11:19:38,Milo,su2xikj,40.668498,-73.951389
2025-04-01 18:47:27,Mochi,rzrjcz8,40.663856,-73.948395
2025-04-02 10:06:34,Cleo,g5r6z7m,40.661882,-73.950402
2025-04-02 05:56:06,Bean,73mzec4,40.669782,-73.951402
2025-04-02 13:57:16,Mittens,l5incwi,40.6686,-73.949616
2025-04-03 00:14:54,Ziggy,9v6evae,40.664404,-73.953103
2025-04-02 03:15:54,Whiskers,y86e86q,40.661191,-73.954899
2025-04-02 06:41:08,Luna,5saw76o,40.668658,-73.945614
2025-04-02 03:18:40,Hazel,swopd2w,40.66795,-73.952452
2025-04-02 10:20:02,Toby,31n3n6j,40.669876,-73.953535
2025-04-01 01:46:04,Hazel,swopd2w,40.66452,-73.949323
2025-04-01 11:45:28,Nala,225ys2h,40.664394,-73.954515
2025-04-01 20:23:10,Milo,su2xikj,40.663879,-73.948746
2025-04-01 06:57:57,Pudding,5vw70l2,40.663583,-73.945881
2025-03-31 23:59:21,Shadow,zjhdazi,40.669478,-73.953921
2025-04-02 15:27:39,Ziggy,9v6evae,40.660374,-73.947653
2025-04-02 21:26:55,Luna,5saw76o,40.660677,-73.95064
2025-04-01 15:59:58,Peanut,6a7wdda,40.668724,-73.9528
2025-04-01 08:20:33,Milo,su2xikj,40.664878,-73.94786
2025-04-01 11:24:39,Nala,225ys2h,40.669022,-73.952793
2025-04-02 13:30:44,Milo,su2xikj,40.664533,-73.949852
2025-04-02 23:20:30,Whiskers,y86e86q,40.661406,-73.953892
2025-04-01 03:56:00,Boba,t8mu133,40.66972,-73.945672
2025-04-02 09:48:45,Tiger,6xbc8w7,40.662531,-73.949842
2025-04-02 01:00:59,Snowball,2ruhqjg,40.669279,-73.951284
2025-03-31 18:55:36,Midnight,2rku2ss,40.660605,-73.954004
2025-04-01 20:55:45,Midnight,2rku2ss,40.663794,-73.953953
2025-04-01 00:54:01,Mochi,rzrjcz8,40.668586,-73.948636
2025-03-31 18:30:03,Boba,t8mu133,40.662787,-73.945662
2025-03-31 19:07:08,Cleo,g5r6z7m,40.669607,-73.945405
2025-04-03 04:41:58,Nala,225ys2h,40.661538,-73.948529
2025-04-01 17:41:36,Pumpkin,t90fsgt,40.667199,-73.948512
2025-04-03 03:13:03,Pumpkin,t90fsgt,40.665492,-73.951971
2025-04-02 17:20:46,Oreo,jve853c,40.668775,-73.953754
2025-04-02 00:49:02,Mochi,rzrjcz8,40.660785,-73.947496
2025-04-02 10:04:38,Bean,73mzec4,40.661364,-73.954875
2025-04-03 04:25:49,Oreo,jve853c,40.660604,-73.946148
2025-04-01 02:32:26,Mittens,l5incwi,40.665462,-73.948883
2025-04-02 04:27:46,Pumpkin,t90fsgt,40.66074,-73.952251
2025-04-01 21:23:33,Pudding,5vw70l2,40.665518,-73.952331
2025-04-02 09:19:55,Midnight,2rku2ss,40.665746,-73.954616
2025-04-01 05:51:10,Hazel,swopd2w,40.66761,-73.954052
2025-04-02 18:55:56,Pudding,5vw70l2,40.666043,-73.945753
2025-03-31 10:40:43,Toby,31n3n6j,40.663818,-73.948785
2025-04-02 06:03:36,Oreo,jve853c,40.660799,-73.948552
2025-04-02 09:48:17,Midnight,2rku2ss,40.665969,-73.954445
2025-04-02 11:01:21,Simba,gmfmelb,40.668358,-73.947234
2025-03-31 20:32:29,Socks,04gzmro,40.662251,-73.946079
2025-04-01 15:04:02,Smudge,wv2s747,40.665314,-73.950694
2025-04-01 02:25:20,Snowball,2ruhqjg,40.667775,-73.947746
2025-04-01 05:02:23,Hazel,swopd2w,40.668055,-73.951676
2025-03-31 19:50:49,Smudge,wv2s747,40.664119,-73.951515
2025-04-02 13:18:36,Mittens,l5incwi,40.662958,-73.945961
2025-03-31 12:22:41,Hazel,swopd2w,40.665546,-73.950227
2025-04-01 07:26:42,Whiskers,y86e86q,40.660558,-73.947365
2025-04-03 01:59:20,Smudge,wv2s747,40.662988,-73.951822
2025-04-02 05:43:09,Nala,225ys2h,40.66107,-73.945318
2025-04-01 23:02:11,Shadow,zjhdazi,40.667498,-73.945921
2025-03-31 10:09:48,Milo,su2xikj,40.666664,-73.954039
2025-04-02 03:05:32,Whiskers,y86e86q,40.667692,-73.948068
2025-03-31 11:59:53,Peanut,6a7wdda,40.660321,-73.952222
2025-04-01 00:14:30,Oreo,jve853c,40.669129,-73.952873
2025-04-01 06:57:29,Oreo,jve853c,40.668836,-73.946015
2025-04-01 08:40:21,Ginger,9l04013,40.664246,-73.947474
2025-04-02 07:05:38,Toby,31n3n6j,40.662113,-73.945901
2025-03-31 14:05:02,Tiger,6xbc8w7,40.660961,-73.954642
2025-04-01 17:32:16,Ziggy,9v6evae,40.663727,-73.953929
2025-04-03 02:45:29,Oreo,jve853c,40.66947,-73.949649
2025-04-02 17:24:34,Shadow,zjhdazi,40.66914,-73.948499
2025-03-31 11:41:28,Snowball,2ruhqjg,40.666774,-73.948184
2025-04-02 03:37:44,Smudge,wv2s747,40.663304,-73.954304
2025-04-02 07:38:28,Ziggy,9v6evae,40.668292,-73.952649
2025-04-02 07:25:39,Smudge,wv2s747,40.662816,-73.954491
2025-04-01 15:36:36,Peanut,6a7wdda,40.664388,-73.946919
2025-03-31 12:28:03,Hazel,swopd2w,40.665917,-73.949055
2025-04-01 09:03:59,Smudge,wv2s747,40.663982,-73.954192
2025-04-02 07:20:02,Pumpkin,t90fsgt,40.667684,-73.949851
2025-04-02 21:33:23,Socks,04gzmro,40.668339,-73.947568
2025-03-31 21:46:47,Toby,31n3n6j,40.664907,-73.947185
2025-04-01 05:24:29,Socks,04gzmro,40.663603,-73.95042
2025-04-01 01:52:25,Snowball,2ruhqjg,40.662898,-73.948284
2025-03-31 14:22:41,Hazel,swopd2w,40.662371,-73.945751
2025-04-02 19:11:17,Hazel,swopd2w,40.662079,-73.948613
2025-04-02 17:17:58,Cleo,g5r6z7m,40.663845,-73.950604
2025-04-02 19:55:11,Oreo,jve853c,40.665548,-73.953223
2025-04-03 05:29:55,Pumpkin,t90fsgt,40.666885,-73.947785
2025-04-02 15:57:02,Shadow,zjhdazi,40.665517,-73.949461
2025-04-01 17:08:15,Mittens,l5incwi,40.661006,-73.953773
2025-03-31 12:41:11,Midnight,2rku2ss,40.664358,-73.94874
2025-03-31 22:14:45,Shadow,zjhdazi,40.66341,-73.947398
2025-03-31 18:02:16,Mochi,rzrjcz8,40.665873,-73.945443
2025-04-01 18:27:44,Peanut,6a7wdda,40.669597,-73.95388
2025-03-31 10:07:42,Pudding,5vw70l2,40.660422,-73.947066
2025-03-31 22:33:20,Hazel,swopd2w,40.663252,-73.951365
2025-04-02 19:15:11,Luna,5saw76o,40.663537,-73.951453
2025-04-03 04:23:24,Socks,04gzmro,40.668735,-73.945452
2025-03-31 08:18:12,Hazel,swopd2w,40.667108,-73.950218
2025-04-02 13:08:01,Milo,su2xikj,40.661409,-73.947411
2025-04-02 01:34:22,Boba,t8mu133,40.669968,-73.947326
2025-04-01 15:14:08,Midnight,2rku2ss,40.665116,-73.947954
2025-04-02 00:32:25,Ginger,9l04013,40.660756,-73.954042
2025-04-01 23:17:17,Salem,jvlptlj,40.664719,-73.950528
2025-03-31 22:31:58,Cleo,g5r6z7m,40.664159,-73.953639
2025-04-02 02:27:21,Toby,31n3n6j,40.666982,-73.9504
2025-04-03 04:15:12,Toby,31n3n6j,40.667663,-73.949121
2025-03-31 11:00:21,Mochi,rzrjcz8,40.666901,-73.946826
2025-04-03 00:08:58,Hazel,swopd2w,40.665326,-73.953526
2025-03-31 08:28:23,Nala,225ys2h,40.668937,-73.952149
2025-04-01 16:58:38,Socks,04gzmro,40.660726,-73.945669
2025-04-02 15:07:44,Whiskers,y86e86q,40.660986,-73.945449
2025-04-02 02:53:01,Cleo,g5r6z7m,40.663665,-73.945066
2025-04-03 05:54:27,Peanut,6a7wdda,40.664498,-73.946537
2025-03-31 15:02:34,Ziggy,9v6evae,40.661153,-73.953759
2025-04-02 09:39:50,Socks,04gzmro,40.667888,-73.947018
2025-04-02 23:04:14,Nala,225ys2h,40.665388,-73.947341
2025-04-02 21:43:19,Milo,su2xikj,40.668785,-73.94662
2025-04-02 03:54:31,Whiskers,y86e86q,40.662888,-73.948381
2025-03-31 23:45:07,Peanut,6a7wdda,40.667044,-73.950801
2025-04-01 06:54:20,Cleo,g5r6z7m,40.666919,-73.951469
2025-04-03 01:05:55,Midnight,2rku2ss,40.665423,-73.954758
2025-04-01 22:31:25,Bean,73mzec4,40.663222,-73.951631
2025-03-31 20:11:04,Midnight,2rku2ss,40.663934,-73.946039
2025-04-01 12:41:23,Pudding,5vw70l2,40.669571,-73.946029
2025-03-31 16:04:11,Salem,jvlptlj,40.669539,-73.952701
2025-03-31 19:30:45,Hazel,swopd2w,40.66143,-73.953218
2025-04-03 07:45:50,Socks,04gzmro,40.660014,-73.954216
2025-04-01 05:54:38,Peanut,6a7wdda,40.668365,-73.94837
2025-04-01 15:24:33,Snowball,2ruhqjg,40.665165,-73.949119
2025-04-01 17:03:13,Midnight,2rku2ss,40.663009,-73.950212
2025-04-02 19:01:53,Salem,jvlptlj,40.6644,-73.949318
2025-03-31 11:17:02,Oreo,jve853c,40.668358,-73.954215
2025-04-01 05:57:25,Whiskers,y86e86q,40.661002,-73.948173
2025-04-01 02:32:51,Bean,73mzec4,40.665783,-73.950262
2025-03-31 13:11:28,Boba,t8mu133,40.665424,-73.954565
2025-04-03 05:44:12,Whiskers,y86e86q,40.667096,-73.945826
2025-03-31 13:53:49,Luna,5saw76o,40.668951,-73.947611
2025-04-02 22:41:30,Shadow,zjhdazi,40.669902,-73.945912
2025-04-03 01:42:07,Milo,su2xikj,40.66427,-73.945682
2025-04-01 21:16:04,Oreo,jve853c,40.664812,-73.950654
2025-04-01 10:33:15,Toby,31n3n6j,40.662451,-73.948061
2025-04-01 21:21:09,Simba,gmfmelb,40.660775,-73.952616
2025-04-01 01:00:12,Milo,su2xikj,40.665343,-73.952432
2025-04-02 17:38:15,Oreo,jve853c,40.665206,-73.954302
2025-04-03 04:21:48,Luna,5saw76o,40.662029,-73.949231
2025-03-31 13:52:57,Tiger,6xbc8w7,40.666707,-73.953653
2025-04-01 17:44:54,Ginger,9l04013,40.668259,-73.954352
2025-04-01 02:14:54,Oreo,jve853c,40.669566,-73.947094
2025-04-02 11:40:42,Ginger,9l04013,40.660716,-73.951742
2025-04-01 10:19:37,Salem,jvlptlj,40.664426,-73.952033
2025-04-01 04:02:20,Shadow,zjhdazi,40.665159,-73.952642
2025-03-31 08:25:23,Salem,jvlptlj,40.661612,-73.946473
2025-03-31 08:33:05,Snowball,2ruhqjg,40.663972,-73.946415
2025-04-01 10:45:23,Mittens,l5incwi,40.668952,-73.949466
2025-04-01 01:49:04,Midnight,2rku2ss,40.667947,-73.949142
2025-04-02 21:36:24,Nala,225ys2h,40.667614,-73.951345
2025-04-01 04:35:28,Oreo,jve853c,40.66077,-73.953395
2025-04-01 05:37:59,Shadow,zjhdazi,40.664836,-73.951728
2025-04-01 16:09:43,Snowball,2ruhqjg,40.66241,-73.947682
2025-04-01 03:24:17,Boba,t8mu133,40.665702,-73.950847
2025-04-03 02:13:31,Ginger,9l04013,40.664803,-73.945388
2025-04-02 18:17:12,Bean,73mzec4,40.665825,-73.951534
2025-04-01 13:50:55,Simba,gmfmelb,40.669829,-73.952046
2025-04-03 04:10:37,Toby,31n3n6j,40.662158,-73.954858
2025-04-01 08:29:38,Cleo,g5r6z7m,40.665825,-73.95327
2025-04-01 04:49:40,Hazel,swopd2w,40.665707,-73.948684
2025-04-02 02:23:33,Mochi,rzrjcz8,40.663843,-73.950995
2025-04-02 08:10:05,Bean,73mzec4,40.667025,-73.945055
2025-04-02 13:49:31,Cleo,g5r6z7m,40.66515,-73.954895
2025-03-31 14:19:35,Shadow,zjhdazi,40.660239,-73.949389
2025-04-02 07:44:50,Bean,73mzec4,40.660897,-73.953607
2025-04-01 18:24:20,Pumpkin,t90fsgt,40.660123,-73.949019
2025-03-31 14:10:59,Smudge,wv2s747,40.665744,-73.951997
2025-04-02 16:17:01,Ginger,9l04013,40.669672,-73.947004
2025-03-31 20:09:59,Mochi,rzrjcz8,40.664118,-73.951319
2025-03-31 22:13:58,Whiskers,y86e86q,40.669664,-73.94717
2025-04-02 00:25:48,Milo,su2xikj,40.66809,-73.948747
2025-04-03 02:13:57,Ginger,9l04013,40.664073,-73.94932
2025-04-02 04:52:38,Cleo,g5r6z7m,40.663254,-73.946767
2025-04-02 00:53:01,Midnight,2rku2ss,40.665998,-73.950181
2025-04-02 22:09:19,Salem,jvlptlj,40.661706,-73.946297
2025-03-31 20:30:41,Socks,04gzmro,40.668673,-73.948911
2025-03-31 16:25:53,Simba,gmfmelb,40.6648,-73.948166
2025-04-02 16:37:27,Luna,5saw76o,40.66852,-73.945294
2025-04-01 17:35:10,Mittens,l5incwi,40.660126,-73.952787
2025-04-01 22:29:01,Boba,t8mu133,40.665584,-73.9523
2025-04-02 21:25:31,Boba,t8mu133,40.669305,-73.949116
2025-04-02 15:15:28,Smudge,wv2s747,40.665971,-73.945211
2025-04-01 22:03:35,Mittens,l5incwi,40.664817,-73.94656
2025-04-02 03:25:26,Mochi,rzrjcz8,40.66648,-73.945072
2025-04-01 23:57:47,Ginger,9l04013,40.66754,-73.948695
2025-03-31 15:25:34,Bean,73mzec4,40.665941,-73.954093
2025-04-02 18:40:45,Toby,31n3n6j,40.663169,-73.947877
2025-04-02 08:59:26,Tiger,6xbc8w7,40.66443,-73.95241
2025-03-31 15:53:40,Mochi,rzrjcz8,40.663147,-73.950973
2025-03-31 10:12:48,Oreo,jve853c,40.669214,-73.950467
2025-04-01 05:46:01,Whiskers,y86e86q,40.667743,-73.948489
2025-04-01 06:26:24,Luna,5saw76o,40.664015,-73.950483
2025-04-02 00:50:42,Pudding,5vw70l2,40.660869,-73.951223
2025-03-31 23:21:03,Pudding,5vw70l2,40.662083,-73.948136
2025-04-02 10:19:09,Whiskers,y86e86q,40.6624,-73.951866
2025-03-31 14:23:28,Cleo,g5r6z7m,40.663468,-73.953296
2025-03-31 12:05:10,Smudge,wv2s747,40.665901,-73.945395
2025-03-31 22:07:06,Salem,jvlptlj,40.667046,-73.947635
2025-03-31 10:17:26,Hazel,swopd2w,40.66288,-73.954528
2025-04-03 05:36:27,Peanut,6a7wdda,40.664364,-73.950323
2025-04-02 13:31:14,Tiger,6xbc8w7,40.666158,-73.947902
2025-04-01 16:22:36,Luna,5saw76o,40.661129,-73.949492
2025-04-02 09:01:01,Simba,gmfmelb,40.664184,-73.946709
2025-04-01 02:03:41,Nala,225ys2h,40.663322,-73.945571
2025-04-01 23:57:09,Mochi,rzrjcz8,40.669211,-73.953637
2025-03-31 16:59:50,Socks,04gzmro,40.663842,-73.951473
2025-04-01 14:58:22,Mochi,rzrjcz8,40.669177,-73.94888
2025-03-31 21:44:16,Oreo,jve853c,40.660864,-73.946151
2025-04-01 09:03:33,Mittens,l5incwi,40.666682,-73.946395
2025-03-31 22:16:01,Snowball,2ruhqjg,40.660593,-73.950462
2025-04-01 11:57:39,Nala,225ys2h,40.664793,-73.954765
2025-04-02 09:16:22,Snowball,2ruhqjg,40.660731,-73.953669
2025-04-01 07:42:52,Luna,5saw76o,40.667533,-73.95255
2025-04-02 05:15:24,Oreo,jve853c,40.668051,-73.953734
2025-04-01 07:04:21,Bean,73mzec4,40.669399,-73.949415
2025-04-02 16:44:51,Mittens,l5incwi,40.660652,-73.953848
2025-04-03 02:41:53,Ginger,9l04013,40.669792,-73.950838
2025-04-03 06:11:42,Mittens,l5incwi,40.668761,-73.948843
2025-04-03 00:12:58,Shadow,zjhdazi,40.669367,-73.945639
2025-04-02 00:20:35,Smudge,wv2s747,40.662735,-73.954433
2025-04-02 20:00:27,Cleo,g5r6z7m,40.664383,-73.953551
2025-04-01 08:59:03,Bean,73mzec4,40.662443,-73.945704
2025-04-03 07:44:55,Snowball,2ruhqjg,40.663368,-73.948214
2025-04-01 08:36:48,Tiger,6xbc8w7,40.664215,-73.953591
2025-03-31 18:35:44,Peanut,6a7wdda,40.668414,-73.953172
2025-04-02 00:33:33,Pumpkin,t90fsgt,40.665816,-73.94994
2025-04-02 14:28:30,Luna,5saw76o,40.668923,-73.946982
2025-04-03 02:27:32,Socks,04gzmro,40.666313,-73.950136
2025-03-31 20:32:04,Bean,73mzec4,40.661525,-73.948535
2025-04-02 22:47:22,Boba,t8mu133,40.669597,-73.948505
2025-03-31 18:50:12,Milo,su2xikj,40.660833,-73.951385
2025-04-01 13:05:45,Pudding,5vw70l2,40.667402,-73.949135
2025-04-01 19:53:11,Bean,73mzec4,40.660394,-73.954793
2025-04-02 06:21:45,Cleo,g5r6z7m,40.669476,-73.951799
2025-03-31 09:00:55,Peanut,6a7wdda,40.663502,-73.949104
2025-04-02 03:41:47,Mochi,rzrjcz8,40.669379,-73.954529
2025-04-01 10:57:02,Ziggy,9v6evae,40.668135,-73.945621
2025-04-01 07:24:39,Simba,gmfmelb,40.668221,-73.947419
2025-04-02 19:55:04,Ziggy,9v6evae,40.669909,-73.947601
2025-04-01 22:21:16,Peanut,6a7wdda,40.667729,-73.948986
2025-04-01 05:57:42,Pudding,5vw70l2,40.666418,-73.951677
2025-04-01 02:35:01,Peanut,6a7wdda,40.663506,-73.945121
2025-04-02 14:30:37,Ziggy,9v6evae,40.664167,-73.945271
2025-03-31 19:49:56,Milo,su2xikj,40.664511,-73.946951
2025-04-02 04:18:37,Nala,225ys2h,40.660566,-73.945684
2025-03-31 19:20:43,Cleo,g5r6z7m,40.660019,-73.949775
2025-04-01 23:39:09,Nala,225ys2h,40.662344,-73.948113
2025-04-03 04:31:26,Snowball,2ruhqjg,40.666348,-73.951911
2025-04-01 15:08:08,Pumpkin,t90fsgt,40.665414,-73.953048
2025-03-31 19:48:26,Luna,5saw76o,40.66742,-73.949354
2025-04-01 11:12:15,Hazel,swopd2w,40.669337,-73.953429
2025-04-02 05:26:46,Toby,31n3n6j,40.667669,-73.950569
2025-03-31 17:49:29,Midnight,2rku2ss,40.661459,-73.951181
2025-04-02 03:29:00,Boba,t8mu133,40.665672,-73.954584
2025-04-02 02:26:05,Milo,su2xikj,40.66421,-73.946427
2025-04-03 01:27:36,Midnight,2rku2ss,40.663198,-73.946488
2025-04-02 09:41:37,Snowball,2ruhqjg,40.661611,-73.946596
2025-04-01 03:40:54,Mochi,rzrjcz8,40.660848,-73.953823
2025-04-01 19:19:07,Hazel,swopd2w,40.665936,-73.953758
2025-04-03 04:26:32,Peanut,6a7wdda,40.664699,-73.954325
2025-04-03 04:00:32,Snowball,2ruhqjg,40.660788,-73.949324
2025-04-01 11:37:22,Luna,5saw76o,40.665703,-73.950507
2025-04-01 15:39:26,Milo,su2xikj,40.665506,-73.946962
2025-04-01 14:24:29,Oreo,jve853c,40.660711,-73.951503
2025-03-31 14:43:21,Luna,5saw76o,40.664496,-73.953413
2025-03-31 22:48:10,Midnight,2rku2ss,40.663588,-73.945362
2025-04-01 02:53:25,Simba,gmfmelb,40.669318,-73.950958
2025-03-31 10:47:18,Luna,5saw76o,40.66169,-73.948526
2025-04-02 06:25:50,Bean,73mzec4,40.668753,-73.949575
2025-04-02 18:18:26,Shadow,zjhdazi,40.664494,-73.951774
2025-04-03 01:51:03,Mittens,l5incwi,40.664317,-73.946827
2025-03-31 16:13:38,Oreo,jve853c,40.665591,-73.950571
2025-03-31 11:34:36,Socks,04gzmro,40.663031,-73.953727
2025-04-03 07:51:42,Boba,t8mu133,40.665234,-73.952292
2025-03-31 08:14:49,Ginger,9l04013,40.666033,-73.95164
2025-04-02 11:48:03,Milo,su2xikj,40.660408,-73.951476
2025-03-31 16:06:06,Pudding,5vw70l2,40.662964,-73.948319
2025-04-01 14:34:58,Ginger,9l04013,40.666538,-73.945306
2025-03-31 20:03:49,Smudge,wv2s747,40.669101,-73.951151
2025-03-31 19:04:53,Bean,73mzec4,40.663874,-73.946252
2025-04-01 04:41:27,Oreo,jve853c,40.666939,-73.951669
2025-04-01 17:51:59,Hazel,swopd2w,40.662985,-73.945995
2025-04-02 16:52:36,Pumpkin,t90fsgt,40.660123,-73.948272
2025-04-02 01:15:54,Toby,31n3n6j,40.660836,-73.947552
2025-04-01 18:01:08,Salem,jvlptlj,40.66317,-73.946481
2025-03-31 20:17:12,Socks,04gzmro,40.665191,-73.953867
2025-04-01 10:34:41,Midnight,2rku2ss,40.668492,-73.953923
2025-03-31 17:12:51,Luna,5saw76o,40.667467,-73.947085
2025-04-03 07:18:43,Tiger,6xbc8w7,40.667932,-73.952679
2025-04-02 16:59:02,Midnight,2rku2ss,40.663468,-73.954358
2025-04-02 18:42:31,Hazel,swopd2w,40.665484,-73.954347
2025-04-02 22:05:13,Smudge,wv2s747,40.661721,-73.948588
2025-04-01 10:50:04,Hazel,swopd2w,40.665528,-73.951962
2025-04-03 03:38:07,Cleo,g5r6z7m,40.668871,-73.953998
2025-03-31 16:15:33,Mochi,rzrjcz8,40.67,-73.947766
2025-04-01 07:47:21,Ginger,9l04013,40.669307,-73.949222
2025-04-02 14:23:38,Ziggy,9v6evae,40.661386,-73.954637
2025-04-01 21:38:44,Ginger,9l04013,40.668231,-73.952065
2025-04-01 20:27:41,Shadow,zjhdazi,40.662135,-73.950404
2025-03-31 19:03:46,Midnight,2rku2ss,40.66175,-73.947055
2025-03-31 13:25:36,Hazel,swopd2w,40.665568,-73.952613
2025-04-01 12:03:01,Luna,5saw76o,40.661746,-73.95244
2025-04-02 15:44:45,Nala,225ys2h,40.667827,-73.950911
2025-03-31 13:39:44,Luna,5saw76o,40.667172,-73.949035
2025-04-01 20:07:14,Cleo,g5r6z7m,40.663256,-73.95325
2025-04-03 06:35:19,Simba,gmfmelb,40.66066,-73.949169
2025-04-02 07:26:06,Socks,04gzmro,40.661887,-73.954889
2025-04-01 03:42:28,Smudge,wv2s747,40.662428,-73.953924
2025-04-01 14:13:16,Simba,gmfmelb,40.669519,-73.945451
2025-04-03 01:46:20,Ziggy,9v6evae,40.665734,-73.95106
